State000,692490,1,1,0,1,0,1,1,0,0,1,0,1,0,0,1,0,1,1,1,1,1,1,0,1,0,0,1,0,0,1,1,0,1,1,1,1,0,0,1,0,0,0,0,0,1,0,1,0,1,1,1,0,0,1,1,0,1,0,1,0,0,1,1,1,0,0,1,1,0,0,0,1,0,0,1,1,1,1,0,0,1,1,0,0,1,1,1,0,1,1,0,0,0,0,1,0,1,0,1,0,1,0,1,1,0,1,1,1,1,0,0,0,0,0,0,0,0,0,1,0,1,1,1,1,0,0,1,0,1,1,1,1,1,0,0,0,0,0,0,1,1,1,1,1,1,1,0,0,0,1,
State001,692468,1,0,0,1,0,0,0,0,0,1,0,1,0,1,1,0,0,1,1,1,1,0,0,0,0,0,0,0,0,0,0,0,1,1,0,1,1,0,1,0,0,0,0,0,1,0,0,1,1,1,1,0,0,1,1,0,1,0,1,1,0,1,0,0,0,0,0,1,0,0,1,1,0,0,0,1,1,1,0,0,1,1,0,0,1,1,1,1,1,1,0,1,1,1,1,1,0,1,1,0,1,0,0,1,1,1,1,1,1,0,1,0,0,1,0,0,0,1,1,0,1,1,0,1,0,0,1,0,1,1,1,1,1,0,1,0,0,0,1,1,0,1,1,1,1,1,1,0,0,0,
State002,693038,1,1,0,1,0,1,1,0,0,1,0,1,0,1,1,0,0,1,1,1,1,1,0,0,0,0,1,0,1,1,1,0,1,1,1,1,0,1,1,0,0,0,0,0,1,0,1,1,1,1,1,0,0,1,1,0,1,0,1,0,0,0,1,1,0,0,0,1,0,1,1,1,0,0,1,1,1,1,0,0,1,1,0,0,1,1,1,0,1,0,1,0,1,0,1,0,0,1,1,0,1,0,1,1,1,1,1,1,1,0,0,0,0,0,0,0,0,0,0,0,1,1,0,1,0,0,1,0,1,1,1,1,1,0,0,0,0,0,1,1,1,0,1,1,1,1,0,0,0,1,
State003,692819,1,0,0,1,0,1,0,0,1,1,0,1,0,1,1,0,0,1,1,1,1,1,0,0,1,0,0,0,1,1,1,0,1,1,1,1,1,0,1,0,0,0,0,1,1,0,1,1,0,1,1,0,0,1,1,0,0,0,1,1,0,1,1,0,0,0,1,1,0,0,1,1,0,0,0,0,1,1,0,0,1,1,0,0,1,0,1,0,1,1,0,1,1,0,1,0,0,1,1,0,1,0,0,1,0,0,1,1,1,0,0,0,0,1,1,0,1,1,0,0,1,0,0,0,1,0,1,0,0,1,1,1,1,1,0,0,1,0,1,1,0,0,1,1,1,1,0,1,0,1,
State004,693518,1,1,0,1,0,0,0,0,0,1,0,1,0,0,1,0,0,1,0,1,1,0,0,0,1,0,1,0,0,1,0,0,1,1,1,1,1,1,1,0,1,0,0,1,0,0,0,1,1,1,1,0,0,1,1,0,0,0,1,0,0,1,1,0,0,0,1,1,0,0,0,1,0,0,0,1,1,1,0,0,1,1,0,0,1,1,1,1,1,1,0,1,1,0,1,0,0,1,1,0,1,0,0,1,0,1,1,1,1,0,1,0,0,0,0,0,0,1,0,0,1,1,1,0,1,0,1,1,0,1,1,1,1,1,1,0,0,0,1,1,0,1,1,1,1,1,0,0,0,1,
State005,695484,1,1,0,1,1,0,0,0,0,1,0,1,0,0,1,0,0,1,1,1,1,1,0,0,0,0,1,0,1,1,0,0,1,1,1,1,1,0,1,0,0,0,0,0,1,0,0,1,1,1,1,0,0,1,1,0,1,0,1,1,0,0,1,1,1,0,1,1,0,0,1,1,0,0,0,1,1,1,0,0,1,1,0,0,1,1,1,1,1,0,0,0,1,0,1,0,1,0,1,0,1,0,0,1,0,0,1,1,1,0,1,0,0,0,0,0,0,1,0,0,1,1,0,1,1,0,1,0,0,1,1,1,1,1,0,0,0,0,1,1,1,1,1,1,1,1,0,0,0,1,
State006,694970,1,1,0,1,0,0,1,0,1,1,0,1,0,1,1,0,0,1,1,1,1,1,0,0,0,0,1,0,1,1,0,0,1,1,1,1,1,1,1,0,0,0,0,0,0,0,0,1,1,1,1,0,0,1,1,0,0,0,1,1,0,0,1,1,1,0,1,1,0,0,1,1,0,0,0,1,1,1,0,0,1,1,0,0,1,1,1,1,1,1,0,0,1,0,1,0,1,0,1,0,1,0,0,1,0,0,1,1,1,0,1,0,0,0,0,0,0,1,0,0,1,1,0,0,0,0,1,0,0,1,1,1,1,0,1,0,0,0,1,1,1,1,1,1,1,1,0,0,0,0,
State007,694280,1,1,0,1,0,1,0,0,1,1,0,1,0,0,1,0,0,1,1,1,1,1,0,0,0,0,1,0,1,1,0,0,1,1,1,1,1,0,1,0,0,0,0,0,1,0,0,1,1,1,1,0,0,1,1,0,1,0,1,1,0,1,0,1,1,0,1,1,0,0,1,1,0,0,0,1,1,1,0,0,1,1,0,0,1,1,1,1,1,1,0,0,0,0,1,0,1,1,1,0,0,0,0,1,0,1,1,1,1,0,1,0,0,0,0,0,0,1,0,0,1,1,0,1,0,0,1,0,0,1,1,1,1,0,1,0,0,1,0,0,1,1,1,1,1,1,0,0,0,0,
State008,695250,1,1,0,1,0,0,0,0,1,1,0,1,0,0,1,0,0,1,1,1,1,1,0,0,0,0,1,0,1,1,0,0,1,1,1,1,1,0,1,0,0,0,0,0,1,0,0,1,1,1,1,0,0,1,1,0,0,0,1,1,0,0,1,1,1,0,1,1,0,0,1,1,0,0,0,1,1,1,0,0,0,1,0,0,1,1,1,1,1,1,0,0,1,0,1,1,0,0,1,0,1,0,0,1,0,1,1,1,1,1,1,0,0,0,0,0,0,1,0,0,1,1,0,0,0,0,1,0,0,1,1,1,1,0,1,0,0,0,1,1,1,1,1,1,1,1,0,0,0,1,
State009,694006,1,1,0,1,0,1,1,0,0,1,0,1,0,1,1,0,0,1,1,1,1,1,0,0,0,0,1,0,1,1,0,0,1,1,1,1,1,0,1,0,0,1,0,1,1,0,1,1,1,1,1,0,0,1,1,0,1,0,1,1,0,0,1,0,1,0,1,1,0,0,1,1,0,0,0,1,0,1,0,0,1,1,0,0,1,1,1,1,1,0,0,0,0,0,1,0,1,0,1,0,1,0,0,1,0,1,1,1,0,1,1,0,0,0,0,0,0,1,0,0,1,0,0,0,0,0,1,0,1,1,1,1,1,0,0,0,0,1,0,1,0,1,1,1,1,1,0,0,0,1,
State010,694957,1,1,0,1,1,1,1,0,0,1,0,1,0,0,1,0,0,1,1,1,1,1,0,0,1,0,1,0,1,1,0,0,1,1,1,1,1,1,1,0,1,0,0,0,1,0,0,1,1,1,1,0,0,1,1,0,1,0,1,1,0,0,1,0,1,0,1,1,0,0,0,1,0,0,0,1,1,1,0,0,1,1,0,0,1,1,1,1,1,0,0,0,0,0,1,0,0,0,1,0,1,0,0,1,0,0,1,1,1,0,1,0,0,0,0,0,0,1,0,0,1,1,0,1,1,0,1,0,1,0,1,1,1,0,0,0,0,0,1,1,1,1,1,1,1,1,0,0,0,1,
State011,694644,1,1,0,1,0,1,1,0,1,1,0,1,0,1,1,0,0,1,1,1,1,1,0,0,0,0,1,0,1,1,0,0,1,1,1,1,1,1,0,0,0,0,0,0,1,0,0,1,1,1,1,0,0,1,1,0,1,0,1,1,0,0,1,0,1,0,1,1,0,0,0,1,0,0,0,1,1,1,0,0,1,1,0,0,1,1,1,1,1,0,0,1,0,0,1,0,1,1,1,0,1,0,0,1,0,1,1,1,1,0,1,0,0,0,0,0,0,1,0,0,1,1,0,0,0,0,1,0,1,0,1,1,1,0,0,0,0,0,1,1,0,1,1,1,1,1,0,0,0,1,
State012,694505,1,1,0,1,0,0,1,0,0,1,0,1,0,1,1,0,0,1,1,1,1,1,0,0,1,0,1,0,1,1,0,0,1,1,1,1,1,1,1,0,1,0,0,1,1,0,0,1,1,1,1,0,0,1,1,0,0,0,1,0,0,0,1,0,1,0,1,1,0,0,1,1,0,0,0,0,1,1,0,0,1,1,0,0,1,1,1,1,1,0,0,0,1,0,1,0,1,1,1,0,1,0,0,1,0,1,1,1,1,0,1,0,0,0,0,0,0,0,0,0,1,1,0,0,1,0,1,0,0,1,1,1,1,0,0,0,0,0,1,1,1,1,1,1,1,1,0,0,0,1,
State013,696225,1,1,0,1,0,0,1,0,1,1,0,1,0,1,1,0,0,1,1,1,1,1,0,0,1,0,1,0,1,1,0,0,1,1,1,1,1,1,0,0,0,0,0,0,1,0,0,1,1,1,1,0,0,1,1,0,0,0,1,1,0,0,1,1,1,0,1,1,0,0,1,1,0,0,0,1,1,1,0,0,1,1,0,0,1,0,1,1,1,0,0,1,0,1,1,0,1,1,1,0,0,0,0,1,0,1,1,1,1,1,0,0,0,0,0,0,0,1,0,0,1,1,0,0,0,0,1,0,1,1,1,1,1,0,0,0,0,0,1,1,0,1,1,1,1,1,0,0,0,1,
State014,696340,1,1,0,1,0,0,1,0,1,1,0,1,0,1,1,0,0,1,1,1,1,1,0,0,0,0,1,0,1,1,0,0,1,1,1,1,1,1,1,0,0,0,0,0,1,0,0,1,1,1,1,0,0,1,1,0,1,0,1,1,0,0,1,0,1,0,1,1,0,0,0,1,0,0,0,1,1,1,0,0,1,1,0,0,1,1,1,1,1,0,0,1,0,0,1,0,1,1,1,0,1,0,0,1,0,1,1,1,1,0,1,0,0,0,0,0,0,1,1,0,1,1,0,0,0,0,1,0,1,1,1,0,1,0,0,0,0,0,1,1,0,0,1,1,1,1,0,0,0,1,
State015,695209,1,1,0,1,1,0,1,0,1,1,0,1,0,1,1,0,0,1,1,0,1,1,0,0,1,0,1,0,1,0,0,0,1,1,0,1,1,1,1,0,0,0,0,0,1,0,0,1,1,1,1,0,0,1,1,0,1,0,1,1,0,0,0,1,1,0,1,1,0,0,1,1,0,0,0,1,1,1,0,0,1,1,0,0,1,1,1,0,1,0,0,1,0,0,1,0,1,1,1,0,0,0,0,1,0,1,1,1,1,0,1,0,0,0,0,0,0,1,0,0,1,1,0,0,0,0,1,0,1,1,1,1,1,0,1,0,0,1,0,1,1,0,1,1,1,1,0,1,0,1,
State016,695770,1,1,0,1,0,0,1,0,0,1,0,1,0,1,1,0,0,1,1,1,1,0,0,0,1,0,1,0,1,1,0,0,1,1,0,1,1,1,0,0,1,0,0,0,1,0,0,0,1,1,1,0,0,1,1,0,0,0,1,1,0,0,1,0,0,0,1,1,0,0,0,1,0,0,0,1,1,1,0,0,1,1,0,0,1,1,1,1,1,0,0,1,0,0,1,0,1,1,0,0,1,0,0,1,0,1,1,1,1,0,1,0,0,0,1,0,0,1,1,0,1,1,0,0,1,0,1,0,0,1,1,1,1,1,0,0,0,1,1,1,1,0,1,1,1,1,0,1,0,1,
State017,696130,1,1,0,1,0,1,1,0,1,1,0,1,0,1,1,0,0,1,1,1,1,1,0,0,1,0,0,0,1,1,0,0,1,1,1,1,1,0,0,0,1,0,0,0,1,0,1,1,1,1,1,0,0,1,1,0,0,0,1,1,0,0,0,0,1,0,1,1,0,0,1,1,0,0,0,1,1,1,0,0,1,1,0,0,1,1,1,1,1,0,0,0,0,0,1,0,1,1,1,0,1,0,0,1,0,1,1,1,0,0,1,0,0,0,0,0,0,1,0,0,1,1,0,0,1,0,1,0,0,1,1,1,1,0,0,0,0,1,1,1,1,1,1,1,1,1,0,0,0,1,
State018,695860,1,1,0,1,0,0,0,0,1,1,0,1,0,0,1,0,0,1,0,1,1,0,0,0,0,0,1,0,1,1,0,0,1,1,1,1,1,1,1,0,1,0,0,0,1,0,0,1,1,1,1,0,0,1,1,0,1,0,1,1,0,0,0,1,1,0,1,1,0,0,1,1,0,0,0,1,1,1,0,0,1,1,0,0,1,1,1,1,1,1,0,1,0,0,1,0,0,1,1,0,1,0,1,1,0,1,1,1,0,1,0,0,0,0,0,0,0,1,0,0,1,1,0,1,1,0,1,0,0,1,1,1,1,0,0,0,0,1,1,1,0,0,1,1,1,1,1,0,0,1,
State019,695506,1,1,0,1,0,0,1,0,1,1,0,1,0,0,1,0,0,1,1,0,1,0,0,0,0,0,1,0,1,1,0,0,1,1,1,1,1,0,1,0,1,0,0,0,1,0,1,1,1,1,1,1,0,1,1,0,1,0,1,1,0,0,0,0,1,0,1,0,0,0,1,1,0,0,1,1,1,0,0,0,0,1,0,0,1,1,1,1,1,0,0,0,0,0,1,0,1,1,1,0,0,0,0,1,0,1,1,1,0,1,1,0,0,1,0,0,1,1,0,0,1,1,0,0,1,0,1,0,0,1,1,1,1,0,0,0,1,1,1,1,1,0,1,1,1,1,0,0,0,1,
State020,696663,0,1,0,1,0,0,1,0,1,1,0,1,0,1,1,0,1,1,1,1,1,0,0,0,1,0,1,0,1,1,0,0,1,1,0,1,1,1,0,0,1,0,0,0,1,0,1,1,1,1,1,0,0,1,1,0,0,0,1,1,0,0,0,1,1,0,1,1,0,0,1,1,0,0,0,1,1,1,0,0,0,1,0,0,1,1,1,1,1,0,0,1,0,0,1,0,1,1,1,0,1,0,1,1,0,1,1,1,0,1,0,0,1,0,0,0,0,1,0,0,1,1,0,0,1,0,1,0,0,1,1,1,1,0,0,0,0,1,0,1,0,0,1,1,1,1,0,0,0,1,
State021,697630,1,1,0,1,1,0,1,0,1,1,0,1,0,1,1,0,1,1,1,1,1,0,0,0,0,0,1,0,1,1,0,0,1,1,1,1,1,1,1,0,1,0,0,1,1,0,1,1,1,1,1,0,0,1,1,0,0,0,1,1,0,0,0,0,1,0,1,1,0,0,1,1,0,0,0,1,1,0,0,0,1,1,0,0,1,1,1,1,1,0,0,0,0,0,1,0,0,1,1,0,0,0,1,1,0,1,1,1,0,1,0,0,0,0,0,0,0,1,1,0,1,1,0,0,0,0,1,0,0,1,1,1,0,1,0,0,0,1,1,1,1,0,1,1,1,1,0,0,0,1,
State022,697646,1,1,0,1,1,0,1,0,1,1,0,1,0,1,1,0,1,1,1,0,1,0,0,0,1,0,1,0,1,1,0,0,1,1,1,1,1,1,1,0,0,0,0,0,1,0,0,1,1,1,1,0,0,1,0,0,0,0,1,1,0,0,0,1,1,0,1,1,0,0,1,1,0,0,1,1,1,0,0,0,1,1,0,0,1,1,1,1,1,0,1,0,0,0,1,0,0,1,1,0,0,0,1,1,0,1,1,1,0,1,0,0,0,1,1,0,1,0,1,0,1,1,0,0,0,0,1,0,0,1,1,1,1,0,0,1,0,0,1,1,0,0,1,1,1,1,0,0,0,1,
State023,697586,1,1,0,1,0,0,1,1,1,1,0,1,0,1,1,0,0,1,1,1,1,0,0,0,0,0,1,0,1,1,0,0,1,1,1,1,1,1,1,0,0,0,0,0,1,0,1,1,1,1,1,0,0,1,1,0,0,0,1,1,0,0,1,0,1,0,0,0,0,0,1,1,0,0,1,1,1,1,0,0,1,1,0,0,1,1,1,1,1,1,0,1,0,0,1,0,0,1,1,0,1,0,1,1,0,1,0,1,0,1,0,0,0,0,0,0,0,1,1,0,1,1,0,1,0,0,1,0,1,1,1,1,1,0,0,0,0,0,1,1,0,0,1,0,1,1,0,0,0,1,
State024,698293,1,1,0,1,1,0,1,0,1,1,0,1,0,0,1,0,0,1,1,1,1,1,0,0,1,0,1,0,1,1,0,0,1,1,1,1,1,1,1,0,1,0,0,0,1,0,0,1,1,1,1,0,0,1,1,0,0,0,1,1,0,0,0,0,1,0,1,1,0,0,1,1,0,0,1,1,1,0,0,0,1,1,0,0,1,1,1,1,0,1,1,1,0,1,1,0,0,1,1,0,0,0,1,1,0,1,1,1,0,1,0,0,0,0,1,0,0,0,1,0,1,1,0,0,0,0,1,0,0,1,1,1,1,0,1,0,0,0,1,1,1,0,1,0,1,1,0,0,0,1,
State025,698284,0,1,0,1,0,0,1,0,1,1,0,1,0,0,1,0,0,1,1,1,1,0,0,0,0,0,1,0,1,1,0,0,1,1,1,1,1,1,1,0,1,0,0,0,1,0,1,0,1,1,1,0,0,1,1,0,1,0,1,1,0,1,0,0,1,0,0,1,0,0,1,1,0,0,1,1,1,0,0,0,0,1,0,0,1,1,1,1,1,1,0,1,0,0,1,0,0,1,1,0,0,0,1,1,0,1,1,1,0,0,0,1,0,0,1,0,1,0,1,0,1,1,0,0,1,0,1,0,0,1,1,1,1,0,1,1,0,0,1,1,1,0,1,0,1,1,0,0,0,1,
State026,697694,1,1,0,1,0,0,1,1,1,1,0,1,0,1,1,0,0,1,1,1,1,0,0,0,0,0,1,0,0,1,0,0,1,1,1,1,1,1,1,0,1,0,0,1,1,0,0,1,0,1,1,0,0,1,1,0,1,0,1,1,0,1,0,1,1,0,1,1,0,0,1,1,0,0,1,1,1,1,0,0,0,1,0,0,1,1,1,1,1,0,0,0,0,0,1,0,0,1,1,0,0,0,1,1,0,1,1,1,0,1,0,0,0,0,1,0,0,0,1,0,1,1,0,0,0,0,1,0,1,1,1,1,1,0,0,0,0,0,1,1,1,0,1,0,1,1,0,0,0,1,
State027,698014,0,1,0,1,0,0,1,0,1,1,0,1,0,1,1,0,0,1,1,1,1,0,0,0,1,0,1,0,1,1,0,0,1,1,0,1,1,1,1,0,1,0,0,0,1,0,1,1,1,1,1,0,0,1,1,0,0,0,1,1,0,1,0,0,1,0,0,1,0,0,0,1,0,0,1,1,1,0,0,0,0,1,1,0,1,1,1,1,1,0,0,1,0,1,1,0,0,1,1,0,0,0,1,1,0,1,1,1,0,1,0,0,0,0,1,0,0,0,1,0,1,1,0,0,0,0,0,0,1,1,1,1,1,0,0,1,0,1,1,1,1,0,1,1,1,1,0,0,0,1,
State028,697827,1,1,0,1,0,0,1,1,1,1,0,1,0,0,1,0,1,1,0,1,1,0,1,0,0,0,1,0,1,1,0,0,1,1,1,1,1,1,1,0,1,0,0,1,1,0,0,1,1,1,0,0,0,1,1,0,0,0,1,0,0,1,0,1,1,0,1,1,0,0,0,1,0,0,1,1,1,0,0,0,0,1,0,0,1,1,1,1,1,1,0,0,0,0,1,0,0,1,1,0,0,0,1,1,0,1,1,1,0,0,0,0,0,1,0,0,0,0,1,0,1,1,0,0,1,0,1,0,1,1,1,1,1,0,0,0,0,1,0,1,1,0,1,1,1,1,0,1,0,1,
State029,698015,0,1,0,1,0,0,1,1,1,1,0,1,0,0,1,0,1,1,1,1,1,1,1,0,1,0,1,0,1,1,0,0,1,1,1,1,0,1,0,1,1,0,0,0,0,0,1,1,1,1,0,0,0,1,1,0,0,0,1,1,0,0,0,1,1,0,1,1,0,0,1,1,0,0,1,1,1,0,0,0,1,1,0,0,1,1,1,1,1,1,0,1,0,0,1,0,0,1,1,0,0,0,1,1,1,1,1,1,0,0,0,0,0,0,0,0,0,0,1,0,1,1,0,0,0,0,1,0,1,1,1,1,0,0,1,0,0,1,1,1,0,1,1,0,0,1,0,1,0,1,
State030,697504,0,1,0,1,0,1,1,1,1,1,0,1,0,0,1,0,1,1,1,1,1,0,1,0,1,0,1,0,0,1,0,0,1,1,1,1,1,1,1,0,1,0,0,1,1,0,1,1,1,1,1,0,0,1,1,0,0,0,1,1,0,1,0,0,1,0,0,1,0,0,0,1,0,0,1,1,1,1,0,0,0,1,0,0,0,1,1,1,0,1,0,1,0,0,1,0,0,1,1,0,0,0,1,1,0,1,1,1,0,1,0,0,1,0,0,0,0,1,0,0,1,1,0,0,0,0,1,0,1,1,1,1,1,0,1,0,0,0,0,1,1,0,1,0,1,1,0,0,0,1,
State031,697865,1,1,0,1,0,0,1,1,1,1,0,1,0,1,1,0,1,1,0,1,1,0,1,0,0,0,1,0,1,1,0,0,1,1,1,1,1,1,0,0,1,0,0,1,1,0,0,1,1,1,0,0,0,1,0,0,0,0,1,1,0,1,0,1,1,0,1,1,0,0,1,1,0,0,1,1,1,0,0,0,0,1,0,0,1,1,1,1,1,1,0,0,0,0,1,0,1,1,1,0,0,0,1,1,0,1,1,1,0,0,0,0,1,0,0,0,0,0,1,0,1,1,0,0,0,0,1,0,0,1,1,1,1,0,1,0,0,0,0,1,0,1,1,1,1,1,0,0,0,1,
State032,699988,1,1,0,1,0,0,0,1,1,1,0,1,0,1,1,0,1,1,1,1,1,0,1,0,1,0,1,0,1,1,0,0,1,1,1,1,0,1,1,0,1,0,0,1,1,0,0,1,1,1,1,0,0,1,1,0,0,0,1,1,0,0,0,1,1,0,1,1,0,0,0,1,0,0,0,1,1,1,0,0,0,1,1,0,1,1,1,1,1,1,0,0,0,0,1,0,0,1,1,0,0,0,1,1,0,1,0,1,0,1,0,0,0,0,1,0,0,1,0,0,1,1,0,0,0,0,1,0,0,1,1,1,0,0,0,0,0,1,1,1,1,0,1,1,1,1,0,0,0,1,
State033,698772,1,1,0,1,0,0,0,1,1,1,0,1,0,0,0,0,1,1,1,1,1,0,1,0,1,0,1,0,1,1,0,0,1,1,1,1,0,0,0,0,1,0,0,1,1,0,0,1,1,1,1,0,0,1,1,0,0,0,1,1,0,0,0,1,1,0,0,1,0,0,1,1,0,0,1,1,1,0,0,0,1,1,1,0,1,1,1,1,1,1,0,1,0,0,1,0,0,1,1,0,0,0,0,1,0,1,1,1,0,1,0,0,1,0,1,0,0,1,0,0,1,1,1,0,0,0,1,0,0,1,1,1,0,0,1,0,0,1,1,1,1,0,1,1,1,1,0,0,0,1,
State034,697695,1,1,0,1,0,0,0,1,1,1,0,1,0,0,1,0,0,1,1,1,0,0,0,0,0,0,1,0,1,1,0,0,1,1,1,1,1,1,0,0,1,0,0,1,1,0,0,1,1,1,1,0,0,1,1,0,0,0,1,1,0,1,0,1,1,0,1,1,0,0,1,1,0,0,1,1,1,0,0,0,1,1,1,0,1,1,1,1,1,1,0,0,0,0,1,0,0,1,1,0,1,0,0,1,0,1,1,1,0,1,0,0,1,0,0,0,0,1,0,0,1,1,0,0,0,0,0,0,1,1,1,0,1,0,1,0,0,0,1,1,0,1,1,1,1,1,0,0,0,1,
State035,698089,1,1,0,1,0,0,0,1,0,1,0,1,0,1,1,0,1,1,1,1,1,0,1,0,1,0,1,0,0,1,0,0,1,1,1,1,1,1,0,0,1,0,0,1,1,0,0,1,1,1,1,0,0,1,1,0,0,0,1,1,0,0,0,1,1,0,0,0,0,0,1,1,0,0,1,1,1,0,0,0,1,1,1,0,0,1,1,1,1,1,0,0,0,0,1,0,0,1,1,0,0,0,1,1,0,1,0,1,0,1,0,0,1,0,1,0,0,0,1,0,1,1,0,0,0,0,1,0,1,1,1,1,0,0,0,0,0,1,1,0,1,0,1,1,1,1,0,1,0,1,
State036,697125,0,1,0,1,0,0,1,1,1,1,0,1,0,0,1,0,1,1,1,0,1,1,1,0,0,0,1,0,1,1,0,0,1,0,1,1,1,0,1,0,1,0,0,1,1,0,0,1,1,1,1,0,0,1,1,0,0,0,1,1,0,0,0,1,1,0,0,0,0,0,1,1,0,0,1,1,1,1,0,0,1,1,1,0,1,1,1,1,0,1,1,1,0,1,1,0,0,1,1,0,0,0,0,1,0,1,1,1,0,1,0,0,1,1,1,0,0,1,0,0,0,0,0,0,0,0,1,0,0,1,1,1,1,0,1,1,0,0,0,0,1,0,1,1,1,1,0,0,0,1,
State037,697403,1,1,0,1,0,1,1,1,1,1,0,1,0,0,1,0,1,1,1,1,0,0,1,0,1,0,1,0,1,1,0,0,1,0,1,0,0,0,1,0,1,0,0,1,0,0,0,1,1,1,1,0,0,1,1,0,0,0,1,1,0,0,0,1,1,0,0,1,0,0,1,1,0,0,1,1,1,1,0,0,1,1,1,0,1,1,1,1,1,1,0,0,0,0,1,0,0,1,1,1,0,0,1,1,0,1,1,1,0,1,0,0,1,0,1,0,0,1,0,0,1,1,0,0,0,0,1,0,0,1,1,1,0,0,0,1,0,1,1,0,1,0,1,1,1,1,0,0,0,1,
State038,698117,1,1,0,1,0,0,1,1,1,1,0,1,0,0,1,0,1,1,1,0,1,0,1,0,1,0,1,0,1,1,0,0,1,0,1,1,1,1,0,0,1,0,0,1,1,0,1,1,1,1,1,0,0,1,1,0,0,0,1,1,0,0,0,1,1,0,0,1,0,0,1,1,0,0,1,1,1,0,0,0,0,1,1,0,1,0,1,1,1,1,0,0,0,0,1,0,0,1,1,0,0,0,1,1,0,1,1,1,0,0,0,0,1,0,1,0,0,0,1,0,1,1,0,0,0,0,0,0,1,1,1,1,1,0,1,0,0,0,1,1,1,0,1,1,1,1,0,0,0,1,
State039,697098,1,1,0,1,0,0,1,1,1,1,0,1,0,0,1,0,0,1,0,1,1,0,1,0,1,0,1,0,1,1,0,0,1,0,1,1,1,1,0,0,1,0,0,1,1,0,0,1,1,1,1,0,0,1,1,0,0,0,1,1,0,0,0,1,1,0,0,1,0,0,1,1,0,0,1,1,1,1,0,0,0,1,1,0,1,1,1,1,1,1,0,0,0,0,1,0,0,1,1,0,0,0,0,1,0,1,1,1,0,0,0,0,1,0,1,0,0,1,0,0,1,1,0,0,0,0,1,0,1,1,1,0,1,0,1,0,0,0,0,1,1,0,1,1,1,1,1,1,0,1,
State040,696597,1,1,0,1,0,0,1,1,1,1,0,1,0,0,1,0,0,1,1,1,1,0,1,0,0,0,1,0,1,1,0,0,1,0,1,1,1,0,0,0,1,0,0,1,1,0,0,1,1,1,1,0,0,1,1,0,0,0,1,0,0,0,0,1,1,0,0,1,0,0,1,1,0,0,0,0,1,1,0,0,0,1,1,0,1,0,1,1,1,1,0,0,0,0,1,0,1,1,1,0,0,0,0,1,0,1,1,1,0,0,0,0,1,0,1,0,0,1,1,0,1,1,0,0,1,0,1,0,1,1,1,1,1,0,1,0,0,0,1,0,1,1,1,1,1,1,1,0,0,1,
State041,696845,1,1,0,1,0,0,1,1,1,1,0,1,0,0,1,1,0,1,1,1,1,0,1,0,0,0,1,0,1,1,0,1,1,0,1,1,1,1,0,0,1,0,0,1,1,0,0,1,1,1,0,0,0,1,0,0,0,0,1,1,0,0,0,1,1,0,0,1,0,0,1,1,0,0,1,1,1,1,0,0,0,1,1,0,1,0,1,1,0,1,0,0,0,0,1,0,0,1,1,0,0,0,0,1,0,1,1,1,0,0,0,0,1,0,1,0,1,1,1,0,1,1,0,0,0,0,1,0,1,1,1,1,1,0,1,0,0,1,1,0,1,0,1,1,1,1,0,0,0,1,
State042,697094,1,1,0,1,1,0,1,1,1,1,0,1,0,1,1,0,1,1,1,1,0,0,1,0,1,0,1,0,1,1,0,0,1,0,1,1,1,1,0,0,1,0,0,1,1,0,0,1,1,1,1,0,0,1,0,0,0,0,1,1,0,0,0,1,1,0,0,1,0,0,1,1,0,0,0,1,1,1,0,0,1,1,1,0,1,1,1,1,0,1,0,0,0,0,1,0,0,1,1,0,0,0,1,1,0,1,1,1,0,0,0,0,1,0,0,0,0,1,1,0,1,1,0,0,0,0,1,0,1,1,1,1,0,0,1,0,0,0,0,0,1,0,1,1,1,1,0,1,0,1,
State043,696934,1,1,0,1,0,0,0,1,1,1,0,1,0,1,1,0,1,1,1,1,0,0,1,0,1,0,1,0,1,1,0,0,1,0,1,1,0,1,1,0,1,0,0,1,0,0,0,1,1,1,1,0,0,1,1,0,0,0,1,1,0,0,0,1,1,0,0,1,0,0,1,1,0,0,1,1,1,1,0,0,0,1,1,0,1,1,1,1,0,1,0,0,0,1,1,0,0,1,1,1,0,0,1,1,0,0,1,1,0,1,0,1,1,0,0,0,0,1,1,0,1,1,0,0,0,0,1,0,0,1,1,1,0,0,1,0,0,0,1,0,0,0,1,1,1,1,0,1,0,1,
State044,696407,0,1,0,1,0,0,0,1,0,1,0,1,0,1,0,0,1,1,1,1,1,0,1,0,1,0,1,0,1,1,0,1,1,1,1,1,1,1,0,0,1,0,0,1,0,0,0,1,1,1,1,0,0,1,1,0,0,0,1,0,0,0,0,1,1,0,0,1,0,0,0,1,0,0,0,1,1,1,0,0,1,1,1,0,1,0,1,1,1,1,0,0,0,0,1,0,0,1,1,0,0,0,1,0,0,1,1,1,1,0,0,0,1,1,0,0,0,0,1,0,1,1,0,0,0,0,1,0,1,1,1,1,1,0,1,0,1,0,0,0,1,0,1,1,1,1,0,1,0,1,
State045,696045,1,1,0,1,0,0,0,1,1,1,0,1,0,0,0,0,1,1,1,1,0,0,1,0,0,0,1,1,1,1,0,0,1,1,1,1,1,0,0,0,0,0,0,1,1,0,0,1,1,1,1,0,0,1,1,0,0,0,1,0,0,0,0,1,1,0,0,0,0,0,0,1,0,0,1,1,1,1,0,0,0,1,1,0,1,1,1,1,1,1,0,1,0,0,1,0,0,1,1,1,0,0,0,1,0,1,1,1,0,0,0,0,1,0,1,0,0,1,1,0,1,1,0,0,0,0,1,0,1,1,1,1,0,0,1,0,1,1,1,0,1,0,1,1,1,1,0,1,0,1,
State046,696902,1,1,0,1,0,0,0,1,1,1,0,1,0,0,1,0,1,1,0,0,0,0,1,0,0,0,1,0,1,1,0,0,1,1,1,1,1,0,0,0,1,0,0,1,1,0,0,1,1,1,1,0,0,1,1,0,0,0,1,1,0,0,0,1,1,0,0,1,0,1,0,1,0,0,1,1,1,0,0,0,1,1,1,0,1,1,1,1,0,1,0,0,0,0,1,0,0,1,1,0,0,0,1,1,0,1,1,1,0,1,0,0,1,0,1,0,0,1,1,0,1,1,0,0,0,0,1,0,1,1,1,1,1,0,1,0,0,0,1,1,1,0,1,0,1,1,0,1,0,1,
State047,698718,1,1,0,1,0,0,1,1,0,1,0,1,0,0,1,0,1,1,1,1,0,0,1,0,1,0,1,0,1,1,0,0,1,1,1,1,0,0,1,0,1,0,0,1,0,0,0,0,1,1,1,0,0,1,1,0,1,0,1,1,0,0,0,1,1,0,0,1,0,1,0,1,0,0,0,1,1,0,0,0,1,1,1,0,1,1,1,1,0,1,0,0,0,0,1,0,1,1,1,0,0,0,1,1,0,1,1,1,1,0,0,0,1,0,0,0,0,1,1,0,1,1,0,0,0,0,1,0,1,1,1,1,0,0,0,0,0,1,1,1,1,0,1,1,1,1,0,1,0,1,
State048,699321,1,1,0,1,0,0,1,1,1,1,0,1,0,1,1,0,1,1,1,1,0,0,1,0,0,0,1,0,0,1,0,0,1,1,1,1,1,1,1,0,1,0,0,0,0,0,0,1,1,1,1,0,0,1,1,0,0,0,1,0,0,0,0,1,1,0,0,1,0,0,1,1,0,0,1,1,1,1,0,0,0,1,1,0,1,0,1,1,1,1,0,0,0,0,1,0,0,1,1,1,0,0,1,1,0,1,1,1,0,0,0,0,1,0,0,0,0,1,1,0,1,1,0,0,0,0,1,0,1,1,1,1,0,1,0,0,0,1,0,0,1,0,1,1,1,1,0,1,0,1,
State049,699101,0,1,0,1,0,0,1,1,1,1,0,1,0,1,1,0,1,1,1,1,0,0,1,1,1,0,1,0,0,1,0,1,1,1,1,1,0,1,1,0,1,0,0,1,0,0,0,1,1,1,1,0,0,1,1,0,0,0,1,0,0,0,0,1,1,0,0,1,0,1,0,1,0,0,0,1,1,1,0,0,0,1,1,0,1,1,1,1,0,1,0,0,0,0,1,0,0,1,1,1,0,0,1,1,0,1,0,1,1,0,0,0,1,0,0,0,0,1,1,0,1,1,0,0,0,0,1,0,0,1,1,1,1,0,1,0,0,0,1,0,1,0,1,1,1,1,0,0,0,1,
State050,699018,1,1,0,1,0,0,0,1,0,1,0,1,0,1,1,0,1,1,0,1,1,0,1,0,1,0,1,0,1,1,0,1,1,1,1,1,0,1,0,0,1,0,0,1,0,0,1,1,1,1,0,0,0,1,1,0,0,0,1,0,1,0,0,1,1,0,0,1,0,0,1,1,0,0,1,1,1,0,1,0,0,1,1,0,1,1,1,1,1,1,0,0,0,0,1,0,0,0,1,0,0,0,1,1,0,1,1,1,1,0,0,0,1,0,0,0,0,1,1,0,1,1,0,0,0,0,1,0,1,1,1,1,1,0,0,0,0,0,1,1,0,0,1,1,1,1,0,0,0,1,
State051,697959,0,1,0,1,0,0,1,1,1,1,0,1,0,1,1,0,1,1,0,1,1,0,1,0,1,0,1,0,1,1,0,0,1,1,1,1,1,1,0,0,1,0,0,1,1,0,0,1,1,1,1,0,0,1,1,0,0,0,1,1,0,0,0,1,1,0,1,0,0,1,0,1,0,0,1,1,1,0,0,0,1,1,1,0,1,1,1,1,0,1,0,0,0,0,1,0,1,1,1,0,0,0,1,1,0,1,1,1,1,1,0,0,1,0,0,0,0,0,0,0,1,1,0,0,0,0,1,0,0,1,1,1,0,0,1,0,0,0,1,0,0,0,1,1,1,1,0,1,0,1,
State052,698920,1,1,0,1,0,0,1,1,1,1,0,1,0,1,1,0,1,1,1,1,1,0,1,0,0,0,1,0,0,1,0,0,1,1,1,1,0,1,0,0,0,0,0,0,0,0,0,1,1,1,1,0,0,1,1,0,0,0,1,1,0,0,0,1,1,0,0,1,0,0,0,1,0,0,1,1,1,0,0,0,1,1,1,0,1,1,1,1,0,1,0,0,0,0,1,0,1,1,1,1,0,0,1,1,0,1,1,1,1,1,0,0,1,1,0,0,0,0,1,0,1,1,0,1,0,0,1,0,0,1,1,1,1,0,0,0,0,0,1,1,0,0,1,1,1,1,0,1,0,1,
State053,697435,1,1,0,1,0,0,0,1,1,1,0,1,0,1,1,1,0,1,0,1,0,0,1,0,1,0,1,0,1,1,0,0,1,1,1,1,1,1,0,0,1,0,0,1,0,0,0,1,1,1,1,0,0,1,0,0,0,0,1,1,0,0,0,1,1,0,0,1,0,0,0,1,0,0,1,1,1,1,1,0,0,1,1,0,1,1,1,1,0,1,0,0,0,0,1,0,0,1,1,0,0,0,1,1,0,1,1,1,0,0,0,0,1,0,0,0,0,1,1,0,1,1,0,0,0,0,1,0,1,1,1,1,1,0,1,0,0,1,1,1,0,0,1,1,1,1,0,0,0,1,
State054,698044,1,1,0,1,0,0,0,1,1,1,0,1,0,1,1,0,1,1,0,1,1,0,1,0,1,0,1,0,1,1,0,1,1,1,1,1,0,1,1,0,1,0,0,1,0,0,0,0,1,1,1,0,0,1,1,0,0,0,1,0,0,0,0,1,1,0,1,0,0,0,1,1,0,0,1,1,1,0,0,0,0,1,0,0,1,1,1,1,1,1,0,0,0,0,1,0,0,1,1,1,0,0,1,1,0,1,1,1,1,1,0,0,1,0,0,0,0,0,1,0,1,1,0,0,0,0,1,0,0,1,1,1,0,0,1,0,0,1,1,1,0,0,1,1,1,1,0,1,0,1,
State055,697484,1,1,0,1,0,1,1,1,0,1,0,1,0,0,1,0,0,1,0,1,1,0,1,0,0,0,1,0,0,1,0,1,1,1,1,1,0,1,1,0,1,0,0,1,0,0,0,1,1,1,1,0,0,1,0,0,0,0,1,1,0,0,0,1,1,0,0,1,0,0,1,1,0,0,1,1,1,0,1,0,1,1,1,0,1,1,1,1,1,1,0,0,0,1,1,0,0,1,1,0,0,0,1,1,0,1,1,1,1,0,0,0,1,0,0,0,0,1,1,0,1,1,0,0,0,0,1,0,0,0,1,1,1,0,1,0,0,0,1,1,1,0,1,1,1,1,0,0,0,1,
State056,697017,1,1,0,1,0,0,0,1,0,1,0,1,0,1,0,1,1,1,0,1,0,0,1,0,1,0,1,0,1,1,0,1,1,1,1,1,1,1,1,0,1,0,0,1,0,0,0,0,1,1,1,0,0,1,1,0,0,0,1,1,0,0,0,1,1,0,0,0,0,0,0,1,0,0,0,0,1,0,1,0,1,1,1,0,1,1,1,1,1,1,0,0,0,0,1,0,0,0,1,0,0,0,0,1,0,1,1,1,1,0,0,0,1,0,0,0,0,1,1,0,1,1,0,0,0,0,1,0,1,1,1,1,1,1,1,0,0,0,1,1,0,0,1,1,1,1,0,1,0,1,
State057,697693,1,1,0,1,0,1,1,1,0,1,0,1,0,0,1,0,1,1,1,1,0,0,1,0,1,0,1,1,1,1,0,0,1,1,1,1,0,1,1,0,1,0,0,1,0,0,0,0,1,1,1,0,0,1,1,0,0,0,1,1,0,0,0,1,1,0,0,1,0,0,1,0,0,0,1,0,1,0,0,0,0,1,1,0,1,0,1,1,1,1,0,1,0,1,1,0,0,0,1,0,0,0,1,1,0,1,1,1,1,0,0,0,1,0,0,0,0,1,1,0,1,1,0,0,1,0,1,0,1,1,1,1,1,0,0,0,0,0,0,1,1,1,1,1,1,1,0,0,0,1,
State058,697655,0,1,0,1,0,0,0,1,1,1,0,1,0,1,0,0,0,1,1,1,1,0,1,0,1,0,1,0,1,1,0,0,1,1,1,1,0,1,1,0,1,0,0,1,0,0,0,0,1,1,1,0,0,1,1,0,0,0,1,0,0,0,0,1,1,0,0,1,0,0,1,1,0,0,1,1,1,0,0,0,0,1,1,0,1,1,1,1,1,1,0,0,0,1,1,0,0,1,1,0,0,0,0,1,0,1,1,1,0,1,0,0,1,0,0,0,0,1,1,0,1,1,0,0,1,0,1,0,1,1,1,1,0,0,1,0,0,0,1,1,0,1,1,1,1,1,0,1,0,1,
State059,695957,1,1,0,1,0,0,1,1,1,1,0,1,0,0,1,1,1,1,1,0,1,0,1,0,1,0,1,0,0,1,0,0,1,1,1,1,0,1,0,0,1,0,0,1,0,0,0,0,1,1,1,0,0,1,0,0,0,0,1,0,0,0,0,1,0,0,1,1,0,0,1,1,0,0,1,1,1,0,0,0,1,1,1,0,1,0,1,1,1,1,0,0,0,0,1,0,1,0,1,0,0,0,0,1,0,1,1,1,0,1,0,0,1,1,0,0,0,1,1,0,1,1,0,0,1,0,1,0,1,1,1,1,1,0,0,1,0,0,1,1,0,1,1,1,1,1,0,0,0,1,
State060,697030,1,1,0,1,0,0,1,1,1,1,0,1,0,1,1,0,1,1,0,1,1,0,0,0,1,0,1,0,0,1,1,0,1,1,1,1,0,1,0,0,0,0,0,1,0,0,0,0,1,1,1,0,0,1,1,0,0,0,1,1,0,0,0,1,0,0,1,1,0,0,1,1,0,0,1,1,1,0,0,0,1,1,1,0,1,0,1,1,1,1,0,0,0,0,1,0,1,0,1,0,0,0,1,1,1,1,1,1,0,0,0,0,1,0,0,0,0,1,0,0,1,1,0,1,0,0,1,0,1,1,1,1,1,0,1,1,0,0,1,1,0,0,1,1,1,1,0,0,0,1,
State061,695767,1,1,0,1,0,0,0,1,1,1,0,1,0,1,1,0,1,1,0,1,1,0,1,0,1,0,1,0,1,1,0,0,1,1,1,1,0,1,0,0,1,0,0,1,0,0,0,1,1,1,1,0,0,1,0,0,0,0,1,1,0,0,0,0,0,0,0,1,0,0,1,1,0,0,1,0,1,0,1,0,1,1,1,0,1,0,1,1,0,1,0,0,0,0,1,0,1,1,1,0,0,0,1,1,0,1,1,1,0,0,0,0,1,1,1,0,0,0,1,0,1,0,0,1,0,0,1,0,0,1,1,1,1,0,1,1,0,1,1,1,0,0,1,1,1,1,0,1,0,1,
State062,696875,1,1,0,1,0,0,0,1,1,1,0,1,0,1,1,0,1,1,0,1,1,0,1,0,1,0,1,0,0,1,1,1,1,1,1,1,0,1,0,0,1,0,0,1,0,0,0,0,1,1,1,0,0,1,0,0,0,0,1,1,0,0,0,1,0,0,1,1,0,0,1,1,0,0,1,1,1,0,1,0,1,1,0,0,1,0,1,1,1,1,0,0,0,0,1,0,0,0,1,0,0,0,1,1,1,1,1,1,0,1,0,0,1,0,0,0,0,1,1,0,1,1,0,0,0,0,1,0,1,1,1,1,0,0,1,0,0,0,1,1,0,1,1,1,1,1,0,0,0,1,
State063,696127,1,1,0,1,0,0,0,1,1,1,0,1,0,1,1,0,1,1,1,1,1,0,1,0,1,0,1,0,1,1,0,0,1,1,1,1,0,1,0,0,1,0,0,1,1,0,0,0,1,1,1,1,0,1,0,0,0,0,1,1,0,0,0,1,1,0,1,1,0,0,1,1,0,0,0,0,1,0,1,0,1,1,0,0,1,0,1,1,1,1,0,0,0,1,1,0,1,0,1,0,0,0,0,1,0,1,1,1,1,1,0,0,1,1,0,0,0,0,1,0,1,1,0,0,0,0,1,0,0,0,1,1,0,0,0,1,0,0,1,1,0,1,1,1,1,1,0,0,0,1,
State064,697261,1,1,0,1,0,0,0,1,0,1,0,1,0,1,1,1,0,1,1,1,1,0,1,0,1,0,1,0,1,1,0,1,1,1,1,1,0,1,0,0,0,0,0,1,0,0,0,0,1,1,1,1,0,1,0,0,0,0,1,0,0,0,0,1,1,0,0,1,0,0,1,1,0,0,0,0,1,0,1,0,1,1,1,0,1,0,1,1,0,1,0,0,0,0,1,0,1,1,1,1,0,0,0,1,0,1,1,1,1,1,1,0,1,0,0,0,0,0,1,0,1,1,0,0,0,0,1,0,1,1,1,1,0,0,1,0,0,0,1,1,0,1,1,1,1,1,0,1,0,1,
State065,696630,1,1,0,1,0,1,0,1,0,1,0,1,0,0,1,0,1,1,0,0,1,0,1,0,1,0,1,0,1,1,0,0,1,1,1,1,0,1,0,0,1,0,0,1,0,0,1,0,0,1,0,0,0,1,1,0,0,0,1,1,0,0,0,1,1,0,1,1,0,0,1,1,0,0,0,0,1,0,1,0,0,1,0,0,1,0,1,1,1,1,0,0,0,1,1,0,1,1,1,0,0,0,0,1,0,1,1,1,1,0,1,0,1,1,0,0,0,1,1,0,1,1,0,0,0,0,1,0,1,1,1,1,0,0,1,0,1,0,1,1,0,1,1,1,1,1,0,0,0,1,
State066,697860,1,1,0,1,0,0,1,1,1,1,0,1,0,1,1,0,1,1,0,1,1,0,1,1,1,0,1,0,1,1,1,0,1,1,0,1,0,1,0,0,1,0,0,1,0,0,0,0,1,1,1,0,0,1,1,0,0,0,1,1,0,0,0,1,1,0,1,0,0,0,1,1,0,0,0,0,1,0,0,0,1,1,1,0,1,0,1,1,1,1,0,0,0,0,1,0,1,1,1,0,0,0,0,1,0,1,1,1,1,1,0,0,1,1,0,0,0,0,1,0,1,1,0,0,0,0,0,0,0,1,1,1,0,0,1,0,1,0,1,1,0,0,1,1,1,1,0,1,0,1,
State067,697226,1,1,0,1,0,0,1,1,0,1,0,1,0,1,1,0,1,1,0,0,1,0,1,0,1,0,1,0,0,1,0,0,1,1,1,1,0,1,0,0,1,0,0,1,0,0,0,1,1,1,1,0,0,1,1,0,0,0,1,1,0,0,0,1,1,0,0,1,0,0,1,0,0,0,0,1,1,0,0,0,1,1,1,0,1,1,1,1,0,1,0,0,0,0,1,0,1,1,1,0,0,0,1,1,0,1,1,1,0,1,1,0,1,1,0,0,0,1,1,0,1,1,0,0,0,0,1,0,0,1,1,1,0,0,1,0,0,0,1,1,0,1,1,1,1,1,0,1,0,1,
State068,696966,1,1,0,1,0,0,0,1,0,1,0,1,0,0,1,0,1,1,0,1,1,0,1,0,1,0,1,0,1,1,0,0,1,1,1,1,0,1,0,0,1,0,0,1,1,0,1,1,0,1,0,0,0,1,0,0,0,0,1,1,0,0,0,1,1,0,0,1,0,0,1,1,0,0,1,1,1,0,0,0,1,1,1,0,1,1,1,1,0,1,0,0,0,0,1,0,0,1,1,1,0,0,0,1,0,1,1,1,0,1,1,0,1,1,0,0,0,1,1,0,1,1,0,0,0,0,1,0,0,1,1,1,0,0,1,0,1,0,1,1,1,0,1,1,1,1,0,1,0,1,
State069,697713,1,1,0,1,0,1,1,1,0,1,0,1,0,1,1,0,1,1,0,1,1,0,1,0,1,0,1,0,1,1,0,1,1,1,0,1,0,1,1,0,1,0,0,1,1,0,0,0,0,1,0,1,0,1,0,0,0,0,1,1,0,0,0,1,1,0,1,0,0,0,1,0,0,0,0,0,1,0,1,0,1,1,1,0,1,0,1,1,1,1,0,0,0,0,1,0,1,1,1,0,0,0,0,1,0,1,1,1,0,0,1,0,1,0,0,1,0,1,1,0,1,0,0,0,1,0,1,0,0,1,1,1,0,0,1,0,0,0,1,1,0,1,1,1,1,1,0,0,0,1,
State070,697602,1,1,0,0,0,1,1,1,1,1,0,1,0,0,1,0,1,1,1,1,1,0,1,0,1,0,1,0,0,1,0,0,1,1,1,1,0,1,0,0,1,0,0,1,1,0,0,1,1,1,0,0,0,1,1,0,0,0,1,1,1,0,0,1,1,0,1,1,0,0,1,1,0,0,0,0,1,0,1,0,0,1,0,0,1,1,1,1,0,1,0,0,0,0,1,0,1,1,1,1,0,1,0,1,0,1,1,1,0,0,0,0,1,0,1,0,0,1,0,0,1,1,0,0,1,0,1,0,0,1,1,1,0,0,1,0,0,0,1,1,0,0,1,1,1,1,0,1,0,1,
State071,697609,0,1,0,0,1,1,1,1,1,1,0,1,0,0,1,0,1,1,0,1,0,0,1,0,1,0,1,0,1,1,0,0,1,1,1,1,0,1,0,0,1,0,0,1,1,0,1,0,1,1,0,1,0,1,0,0,0,0,1,1,0,0,0,1,1,0,1,0,0,0,1,1,0,0,1,0,1,0,0,0,1,1,1,0,1,0,1,1,1,1,0,0,0,0,1,0,1,1,1,0,0,0,1,1,0,1,1,1,0,0,0,0,1,0,0,0,0,0,1,0,1,1,0,0,1,0,1,0,0,1,1,1,0,0,1,1,1,0,1,1,0,1,1,1,1,1,0,0,0,1,
State072,698237,1,1,0,1,0,1,1,1,1,1,0,1,0,0,1,1,1,1,0,1,0,0,0,0,1,0,1,0,1,1,0,0,1,1,1,1,0,1,0,0,1,0,0,1,0,0,1,1,0,1,0,1,0,1,1,0,0,0,1,1,0,0,0,1,1,0,1,0,0,0,1,1,0,0,0,0,1,0,1,0,1,1,1,0,1,0,1,1,1,1,0,1,0,0,1,0,1,1,1,0,0,0,1,1,0,1,1,1,0,1,0,0,0,0,1,0,0,1,0,0,1,1,0,0,0,0,0,0,0,1,1,1,0,0,1,0,1,0,1,1,1,0,1,1,1,1,0,0,0,1,
State073,697893,1,1,0,1,0,1,0,1,1,1,0,1,0,0,0,0,1,1,0,1,0,0,1,0,1,0,1,1,1,1,0,1,1,1,1,1,0,1,1,0,0,0,0,1,1,0,0,0,1,1,1,1,0,1,1,0,1,0,1,0,0,0,0,1,1,0,0,0,0,0,1,0,0,0,0,1,1,0,1,0,0,1,1,0,1,1,1,1,1,1,0,0,0,0,1,0,0,0,1,1,0,0,1,1,0,1,1,1,0,0,0,0,1,0,0,0,0,1,1,0,1,1,0,0,0,0,1,0,0,1,1,1,1,0,1,0,0,0,1,1,1,0,1,1,1,1,0,1,0,1,
State074,696723,1,1,0,1,0,0,0,1,0,1,1,1,0,0,1,0,1,1,0,1,0,0,1,1,1,0,1,0,0,1,0,1,1,1,1,1,0,1,0,0,1,0,0,1,1,0,1,0,1,1,0,0,0,1,0,0,1,0,1,1,0,0,0,1,1,0,0,0,0,0,1,1,0,0,1,0,1,0,1,0,0,1,1,0,1,0,0,1,0,1,0,0,0,0,1,0,1,1,1,1,0,0,1,1,0,1,1,1,0,0,0,0,1,1,1,0,0,1,1,0,0,1,0,0,0,0,1,0,0,1,1,1,1,0,0,0,1,0,1,1,1,1,1,1,1,1,0,0,0,1,
State075,697177,1,1,0,1,0,1,1,1,1,1,0,1,0,1,1,0,1,1,0,1,1,0,1,0,1,0,1,0,0,1,0,0,1,1,1,1,0,1,1,0,1,0,0,0,1,0,1,0,1,1,1,1,0,1,0,0,0,0,1,0,0,0,0,1,1,0,1,0,0,0,1,1,0,0,0,0,1,0,0,0,0,1,1,0,1,0,1,1,1,1,0,1,0,0,1,0,1,1,1,1,0,0,1,1,0,1,1,1,0,0,1,0,1,0,1,0,0,1,1,0,0,1,0,0,0,0,1,0,0,1,1,1,0,0,0,0,0,0,1,1,1,0,1,1,1,1,0,1,0,0,
State076,697486,1,1,0,1,0,1,0,1,1,1,0,1,0,1,0,1,1,1,1,1,0,0,0,0,1,0,1,0,0,1,0,1,1,1,1,1,0,1,1,0,1,0,0,1,0,0,1,1,1,1,0,1,0,1,0,0,0,0,1,1,0,0,0,1,1,0,0,1,0,0,1,1,0,0,0,0,1,0,1,0,0,1,1,0,1,0,1,1,1,1,0,0,0,0,1,0,1,1,0,0,0,0,1,1,0,1,1,1,0,0,0,0,1,1,0,0,0,0,0,0,1,1,0,0,0,0,1,0,0,1,1,1,0,0,1,0,1,0,1,1,1,0,1,1,1,1,0,1,0,1,
State077,697903,1,1,0,0,0,1,0,1,0,1,1,1,0,1,0,1,0,1,1,1,1,0,0,0,1,0,1,0,1,1,0,1,1,1,1,1,0,1,1,1,0,0,0,1,0,0,1,0,1,1,0,0,0,1,0,0,0,0,1,1,0,0,0,1,1,0,0,0,0,0,1,1,0,0,0,0,1,0,1,0,0,1,1,0,1,0,1,1,1,1,0,0,0,0,1,0,1,1,1,1,0,0,1,1,0,1,1,1,0,0,1,0,0,1,1,0,0,0,1,0,1,0,0,0,0,0,0,0,1,1,1,1,0,0,1,0,1,0,1,1,0,1,1,1,1,1,0,1,0,0,
State078,697266,1,1,0,1,0,1,1,1,0,1,0,1,0,1,0,1,1,1,1,1,0,0,0,1,1,0,1,1,0,1,0,0,1,1,1,1,0,1,1,0,1,0,0,1,0,0,1,0,1,1,1,0,0,1,0,0,0,0,1,1,0,0,0,1,1,0,0,0,0,0,0,1,0,0,0,0,1,0,1,0,0,1,1,0,1,0,1,1,1,1,0,0,0,1,1,0,0,0,1,0,0,0,0,1,0,1,1,1,0,1,0,0,0,1,0,0,0,1,1,0,1,1,0,0,0,0,1,0,1,1,1,1,0,0,1,0,1,0,1,1,0,1,1,1,1,1,0,1,0,1,
State079,698249,1,1,0,1,1,1,0,1,1,1,0,1,0,0,0,1,1,1,1,1,1,0,0,1,0,0,1,1,1,1,0,0,1,1,1,1,0,1,1,0,0,0,0,1,0,0,1,0,1,1,0,1,0,1,1,0,1,0,1,0,0,0,0,1,1,0,1,0,0,0,1,1,0,0,0,0,1,0,1,0,0,1,1,0,1,0,1,1,1,1,0,0,0,0,1,0,1,0,1,1,0,0,0,1,0,1,1,1,0,0,0,0,0,1,1,0,0,1,1,0,0,0,0,0,0,0,1,0,1,1,1,1,0,0,0,0,1,0,1,1,0,0,1,1,1,1,0,1,0,1,
State080,697797,1,1,0,0,0,1,0,1,0,1,0,1,0,1,0,1,1,1,1,1,0,0,0,0,1,0,1,0,0,1,0,1,1,1,1,1,0,1,1,0,0,0,0,1,1,0,0,0,1,1,1,1,0,1,0,0,1,0,1,1,0,0,0,1,1,0,0,1,1,0,1,1,0,0,0,0,1,1,1,0,0,1,1,0,1,0,1,1,1,1,0,0,0,0,1,0,0,0,1,1,0,0,0,1,0,1,1,1,0,1,0,0,1,1,0,0,0,1,0,0,0,1,0,0,0,0,1,0,1,1,1,1,0,0,1,0,1,0,1,1,0,0,1,1,1,1,0,1,0,1,
State081,697316,1,1,0,1,0,1,0,1,1,1,1,1,0,1,1,0,1,1,1,1,1,0,0,0,1,0,1,1,1,1,1,0,1,1,1,1,0,1,1,0,0,0,0,0,1,0,0,0,1,1,1,0,0,1,0,0,1,0,1,0,0,0,0,1,1,0,1,0,0,0,1,1,0,0,0,0,1,0,1,0,0,1,1,0,1,0,1,1,1,1,0,0,0,0,1,0,1,1,0,1,0,0,0,1,0,1,1,1,0,0,1,0,0,1,1,0,0,1,0,0,0,1,0,0,0,0,1,0,1,1,1,0,0,0,1,0,0,0,1,1,1,0,1,1,1,1,0,1,0,0,
State082,697988,1,1,0,0,0,1,0,1,1,1,1,1,0,0,1,0,1,1,1,1,0,0,0,1,1,0,1,0,0,1,0,1,1,1,1,1,0,1,1,0,1,0,0,0,1,0,1,0,1,1,0,0,0,1,1,0,1,0,1,1,0,0,0,1,1,0,1,0,0,0,0,1,0,0,0,0,1,0,1,0,0,1,0,0,1,0,1,1,1,1,0,0,0,0,1,0,1,1,1,1,0,0,1,1,0,1,1,1,0,1,0,0,0,1,0,0,0,1,0,0,1,1,0,0,0,0,1,0,0,1,1,1,0,0,1,0,1,0,1,1,0,0,1,1,1,1,0,1,0,1,
State083,697767,1,1,0,1,0,1,1,1,1,1,0,1,0,0,1,0,1,1,1,1,0,0,1,1,1,0,1,0,1,1,0,0,1,1,1,1,0,1,1,0,0,0,0,0,1,0,1,1,1,1,1,0,0,1,1,0,0,0,1,1,1,0,0,1,1,0,0,1,0,0,1,1,0,0,0,0,1,0,1,0,1,1,1,0,1,0,1,1,0,1,0,0,0,0,1,0,0,0,1,1,0,0,0,1,0,1,1,1,0,0,0,0,0,0,1,1,0,1,1,0,1,0,0,0,0,0,1,0,1,1,1,1,1,0,1,0,0,0,1,1,0,0,1,1,1,1,0,0,0,1,
State084,696841,1,1,0,1,0,0,0,1,1,1,0,1,0,1,1,1,1,1,1,1,0,0,0,0,1,0,1,0,0,1,0,1,1,1,1,1,0,1,1,0,1,0,0,0,1,0,0,1,0,1,1,1,0,1,0,0,0,0,1,0,0,0,0,1,1,0,1,1,0,0,0,1,0,0,0,0,1,0,1,0,1,1,1,0,1,0,1,1,1,1,0,0,0,0,1,0,1,1,1,1,0,0,0,1,0,1,1,1,0,0,1,0,0,1,0,0,1,0,0,0,1,0,0,0,0,0,1,0,0,1,1,1,1,0,1,1,0,0,1,1,1,0,1,1,1,1,0,1,0,0,
State085,696768,0,1,0,1,0,0,0,1,1,1,1,1,0,1,1,0,1,1,1,1,0,0,0,1,1,0,1,0,1,1,0,0,1,1,1,1,0,1,1,0,1,0,0,0,0,0,0,1,1,1,1,0,0,1,1,0,0,0,1,0,0,0,0,1,1,0,0,0,0,0,1,1,0,0,1,0,1,0,1,0,1,1,1,0,1,0,1,1,0,1,0,0,0,0,1,0,1,1,1,1,0,0,0,1,0,1,1,0,0,1,1,1,0,1,0,0,0,1,1,0,1,1,0,0,0,0,1,0,1,1,1,1,0,0,1,0,0,0,1,1,0,0,1,1,1,1,0,1,1,0,
State086,697085,1,1,0,1,0,1,0,1,1,1,0,1,0,1,0,0,1,1,1,1,0,0,0,1,1,0,1,1,1,1,0,1,1,1,1,1,0,1,1,0,1,0,0,0,1,0,1,0,1,1,0,0,0,1,0,0,1,0,1,1,0,0,0,1,0,0,0,1,0,0,1,1,0,0,1,1,1,1,1,0,0,1,1,0,1,0,1,1,0,1,0,0,0,0,1,0,1,1,1,1,0,0,0,1,0,1,1,0,0,0,0,0,0,1,0,0,0,1,0,0,1,1,0,0,0,0,1,0,0,1,1,1,1,0,1,0,1,0,1,0,1,0,1,1,1,1,0,1,0,0,
State087,696220,1,1,0,1,0,1,0,1,1,1,1,1,0,1,0,1,1,1,1,1,0,0,0,1,1,0,1,1,1,1,0,0,1,1,1,1,0,1,1,0,0,0,0,1,0,0,0,0,1,1,1,0,0,1,1,0,1,0,1,1,0,0,1,1,0,0,0,0,1,0,1,1,0,0,1,1,1,0,1,0,0,1,1,0,1,0,1,1,1,1,0,0,0,0,1,0,0,1,1,0,0,0,0,1,0,1,1,0,0,0,0,0,0,0,1,0,0,1,0,0,1,0,0,0,0,0,0,0,0,1,1,1,1,0,1,0,0,1,1,1,0,0,1,1,1,1,0,1,0,1,
State088,696200,1,1,0,1,0,1,1,1,1,1,1,1,0,1,0,1,1,1,1,1,0,0,0,1,1,0,1,0,1,1,0,1,1,1,1,1,0,1,0,0,0,0,0,1,1,0,0,0,1,1,1,1,0,1,1,0,0,0,1,1,0,0,0,1,1,0,0,0,0,0,1,1,0,0,0,1,1,0,1,0,1,1,1,0,1,0,1,1,0,1,0,0,0,0,0,0,1,0,1,1,0,0,0,1,0,1,1,0,0,0,0,0,1,0,0,1,1,0,1,0,1,1,0,0,0,0,1,0,0,1,1,1,0,0,1,0,0,1,1,1,0,0,1,1,1,1,0,1,0,0,
State089,696695,1,1,0,1,0,1,0,1,1,1,0,0,0,0,0,1,1,1,1,1,0,0,0,1,1,0,1,0,1,1,0,1,1,1,1,1,0,1,0,0,1,0,0,0,1,0,1,0,1,1,0,0,0,1,1,0,1,0,1,1,1,0,0,1,1,0,0,0,0,0,0,1,0,0,0,1,1,0,1,0,1,1,1,0,1,0,1,1,0,1,0,0,0,0,1,0,1,1,1,1,0,0,0,1,0,1,1,1,0,0,0,0,1,0,0,0,0,1,1,0,1,1,0,0,0,0,1,0,1,1,1,0,0,0,1,0,1,1,1,0,1,0,1,1,1,1,0,1,0,0,
State090,697411,1,1,0,1,0,0,0,1,1,1,0,1,0,0,0,1,1,1,1,1,0,0,0,1,1,0,1,0,1,1,0,0,1,1,1,1,0,1,0,0,1,0,0,0,1,0,0,1,1,1,1,1,0,1,0,0,0,0,1,1,0,0,0,1,1,0,1,0,0,0,1,1,0,0,1,0,1,0,1,0,1,1,1,0,1,0,1,1,1,1,0,1,0,0,1,0,0,1,1,1,0,0,0,1,0,1,1,1,0,0,0,0,1,0,1,0,0,0,1,0,0,0,0,0,0,0,1,0,0,1,1,1,1,0,1,1,0,0,1,0,0,1,1,1,1,1,0,1,0,1,
State091,697890,1,1,0,1,1,1,0,1,1,1,0,1,0,0,0,1,1,1,1,1,0,0,0,1,1,0,1,0,1,1,0,1,1,0,1,1,0,1,1,0,1,0,0,1,1,0,1,0,1,1,0,0,0,1,0,0,0,0,1,0,0,0,0,1,1,0,0,0,0,0,1,1,0,0,1,1,1,0,1,0,0,1,1,0,1,0,1,1,0,1,0,0,0,0,1,0,1,1,1,1,0,0,1,1,0,1,1,1,0,0,0,0,1,1,0,0,0,0,1,0,0,1,0,0,0,0,1,0,0,1,1,1,1,0,1,0,0,0,1,1,1,1,1,1,1,1,0,1,0,0,
State092,697848,1,1,0,1,0,1,1,1,1,1,0,1,0,0,1,0,1,1,1,1,0,0,0,1,1,0,1,0,1,1,0,0,1,1,1,1,0,1,0,0,1,0,0,0,1,0,1,1,1,1,1,0,0,1,1,0,1,0,1,1,0,1,0,1,1,1,0,0,1,0,1,1,0,0,0,1,1,0,1,0,0,1,1,0,1,0,1,1,0,1,0,1,0,0,1,0,0,1,1,1,0,0,0,1,0,1,1,0,0,0,0,0,0,1,1,0,0,0,1,0,1,1,0,0,0,0,0,0,0,1,1,1,0,0,1,0,0,0,1,0,0,1,1,1,1,0,0,1,0,1,
State093,698700,1,1,0,1,0,1,1,1,1,1,0,1,0,0,1,0,1,1,1,1,0,0,0,1,1,0,1,0,1,1,0,1,1,1,1,1,0,1,1,0,1,0,0,0,0,0,1,0,1,1,1,0,0,1,1,0,0,0,1,1,0,0,0,1,1,0,0,0,0,0,1,1,0,0,1,0,1,0,1,0,0,1,1,0,0,0,1,1,0,1,0,0,0,0,1,0,0,0,1,1,0,0,1,1,0,1,1,1,0,1,0,0,1,0,1,0,0,1,1,0,1,1,0,1,0,0,0,0,0,1,1,1,0,0,1,1,0,1,1,0,1,0,1,1,1,1,0,1,0,0,
State094,698768,1,1,0,1,0,1,1,1,1,1,0,1,0,1,0,0,1,1,1,1,0,0,0,1,1,0,1,0,1,1,0,1,1,1,1,1,0,1,1,0,1,0,0,0,1,0,1,0,1,1,1,0,0,1,0,0,0,0,1,1,0,0,0,1,1,0,0,0,1,0,1,1,0,0,1,0,1,0,1,0,1,1,1,0,0,0,1,1,0,1,0,0,0,0,1,0,0,1,1,1,0,0,1,1,0,1,1,1,0,1,0,0,0,1,1,0,0,1,1,0,0,1,0,0,0,0,1,0,0,1,1,1,0,0,1,0,0,0,1,0,1,0,1,1,1,1,0,1,0,0,
State095,698676,1,1,0,1,0,1,0,1,1,1,0,1,0,0,0,1,1,1,1,1,1,0,0,1,1,0,1,0,1,1,0,0,1,0,1,1,0,1,1,0,1,0,0,0,1,0,1,1,1,1,1,0,0,1,1,0,0,0,1,1,1,0,0,1,1,0,0,0,1,0,0,0,0,0,1,0,1,0,1,0,0,1,1,0,1,0,1,1,0,1,0,0,1,0,1,0,1,1,1,1,0,0,1,1,0,1,1,1,0,1,0,0,1,1,1,0,0,0,1,0,1,0,0,0,0,0,0,0,0,1,1,1,0,0,1,0,0,1,1,0,1,0,1,1,1,1,0,1,0,0,
State096,699220,1,1,0,1,0,1,1,1,1,1,0,0,0,0,1,1,1,1,1,1,1,0,0,1,1,0,1,0,1,1,0,0,1,1,1,1,0,1,1,0,1,0,0,0,0,0,1,1,1,1,1,0,0,1,0,0,0,0,1,1,0,0,0,1,1,0,0,0,0,0,1,1,0,0,0,0,1,0,1,0,1,1,1,0,1,0,1,1,0,1,0,0,0,0,1,0,1,1,1,0,0,0,0,1,0,1,1,1,0,0,1,0,1,1,0,0,0,1,1,0,1,0,0,0,0,0,1,0,0,1,1,1,0,0,1,0,0,1,1,0,1,0,1,1,1,1,0,1,1,0,
State097,699199,1,1,0,1,1,1,1,1,1,1,0,1,0,0,1,0,1,1,1,1,1,0,0,1,1,0,1,0,1,1,0,1,1,1,1,1,0,1,1,1,1,0,0,0,0,1,1,0,1,1,0,0,0,1,0,0,0,0,1,1,0,0,0,1,1,0,0,0,0,0,1,1,0,0,1,0,1,1,1,0,0,1,1,0,1,0,1,1,0,1,0,0,0,0,1,0,0,1,1,1,0,0,1,1,0,1,1,1,0,0,0,0,0,1,0,0,0,1,1,0,0,0,0,0,0,0,1,0,0,1,1,1,0,0,1,0,0,0,1,1,0,1,1,1,1,1,0,1,0,0,
State098,699408,1,1,0,0,1,1,0,1,1,1,0,1,0,1,1,1,1,1,1,1,1,0,0,1,1,0,1,0,1,1,0,1,1,0,1,1,0,1,0,0,1,0,0,1,1,0,1,0,1,1,1,0,1,1,0,0,0,0,1,1,0,0,0,1,1,0,0,0,1,0,0,1,0,0,0,0,1,1,1,0,1,1,1,0,1,0,1,1,1,1,0,0,0,0,0,0,0,1,1,1,0,0,1,1,0,1,1,1,0,0,0,0,0,0,0,0,0,1,1,0,0,0,0,0,0,0,1,0,0,1,1,1,1,0,1,0,0,1,1,0,0,0,1,1,1,1,0,1,0,0,
State099,699683,1,1,0,1,1,1,0,1,1,1,0,1,0,0,1,1,1,1,1,1,0,0,0,1,1,0,1,0,0,1,0,1,1,0,1,1,0,1,0,0,1,0,0,1,0,0,1,0,1,1,0,0,0,1,0,0,0,0,1,1,0,0,0,1,1,0,0,0,1,0,0,0,0,0,1,0,1,0,1,0,1,1,1,0,1,0,1,1,0,1,0,0,0,0,0,0,1,0,1,1,0,0,1,1,0,1,1,1,0,0,1,0,1,0,0,0,0,1,1,0,0,1,0,1,0,0,0,0,0,1,1,1,1,0,1,1,0,1,1,0,1,1,1,1,1,1,0,1,1,0,
State100,699333,1,1,0,1,1,1,0,1,1,1,0,1,0,0,1,1,1,1,0,1,0,0,0,1,1,0,1,0,1,1,0,0,1,0,1,1,0,1,1,0,1,0,0,1,0,0,1,0,1,1,1,0,0,1,0,0,1,0,1,1,0,1,0,1,1,0,0,0,1,1,0,1,0,0,0,0,1,0,1,0,1,1,1,0,0,0,1,1,1,1,0,0,0,0,1,0,0,0,1,1,0,0,1,1,0,1,1,1,0,0,0,1,1,0,1,0,0,1,1,0,1,0,0,0,0,0,0,0,1,1,1,1,0,0,1,0,0,0,1,0,1,0,1,1,1,1,0,1,0,0,
